Month;#Commits
2016-03;25
2016-04;30
2016-05;5
2016-06;2
2016-07;1
2016-08;3
2016-09;5
2016-10;28
2016-11;18
2016-12;33
2017-01;18
2017-02;26
2017-03;18
2017-04;0
2017-05;1
2017-06;4
2017-07;15
2017-08;4
2017-09;3
2017-10;35
2017-11;56
2017-12;11
2018-01;15
2018-02;2
2018-03;34
2018-04;33
2018-05;20
2018-06;27
2018-07;20
2018-08;50
2018-09;30
2018-10;26
2018-11;15
2018-12;17
2019-01;38
2019-02;14
2019-03;20
2019-04;38
2019-05;27
2019-06;12
2019-07;37
2019-08;10
2019-09;83
2019-10;46
2019-11;17
2019-12;19
2020-01;48
2020-02;77
2020-03;16
2020-04;11
2020-05;69
2020-06;36
2020-07;70
2020-08;149
2020-09;37
2020-10;12
2020-11;4
2020-12;1
2021-01;6
2021-02;5
2021-03;2
2021-04;21
2021-05;4
2021-06;9
2021-07;133
2021-08;52
2021-09;30
2021-10;69
2021-11;29
2021-12;12
2022-01;42
2022-02;82
2022-03;89
2022-04;87
2022-05;127
2022-06;47
2022-07;51
2022-08;27
2022-09;3
2022-10;4
2022-11;82
2022-12;83
2023-01;28
2023-02;20
2023-03;23
2023-04;39
2023-05;43
2023-06;0
2023-07;8
2023-08;12
2023-09;30
2023-10;60
2023-11;20
2023-12;15
2024-01;6
2024-02;35
2024-03;55
2024-04;67
2024-05;13
2024-06;21
2024-07;32
2024-08;14
2024-09;12
2024-10;19
2024-11;46
2024-12;4
2025-01;64
2025-02;165
2025-03;276
2025-04;76
2025-05;86
2025-06;16
2025-07;19
2025-08;3
2025-09;1
2025-10;92
2025-11;2
