pre/post, prj, commit, author, time, message
pre;pachterlab_sleuth;23a6dda85dff3edf428be0789f7bea5a9eac8e93;Harold Pimentel <pimentel@users.noreply.github.com>;2019-12;"Merge pull request #192 from warrenmcg/patch_g2g. Emergency patch to fix #190, part 2"
pre;pachterlab_sleuth;2898a5d81d391c742727a162fd67d470d0a6663b;Harold Pimentel <pimentel@users.noreply.github.com>;2019-12;"Merge pull request #214 from warrenmcg/patch_misc. Miscellaneous bug fixes"
pre;pachterlab_sleuth;4e221a16117ff4a3bdc56feeca4f69b30d17fec8;Harold Pimentel <pimentel@users.noreply.github.com>;2019-12;"Merge pull request #227 from sathomas/master Update for Bioconductor version 3.9"
pre;pachterlab_sleuth;7fc0bf4a3870ef500f71b1c63606b283030abd58;Harold Pimentel <haroldpimentel@gmail.com>;2019-12;"merge conflict in documentation #talon"
pre;pachterlab_sleuth;efd2a2f13e4b568c0a0de4894cd67b4fee4dafa7;Harold Pimentel <haroldpimentel@gmail.com>;2019-12;"Merge branch 'andrewrech-master' into devel"
pre;pachterlab_sleuth;4e667d46252dfd1d122f5ca4bb0cc70efc165c03;Artem Sokolov <artem.sokolov@gmail.com>;2019-12;"Merge e0fa068aedc72147ee68761a7d46221816dedceb into efd2a2f13e4b568c0a0de4894cd67b4fee4dafa7"
pre;pachterlab_sleuth;e5ac761e999a71af1d62b820d5ddebc4bd8dda56;Lior Pachter <lpachter@caltech.edu>;2020-01;"Create SraRunTable.txt example for SRP012607"
pre;pachterlab_sleuth;7a51b41bdf443dcd68cc5805543986e686c2bea4;David Laehnemann <david.laehnemann@hhu.de>;2020-02;"fix double-negation in gene_column check upon manual change of pval_aggregate in sleuth_object"
pre;pachterlab_sleuth;bae5cb6346360097e5a796140f881e7fdf32342b;David Laehnemann <david.laehnemann@hhu.de>;2020-02;"Merge 7a51b41bdf443dcd68cc5805543986e686c2bea4 into e5ac761e999a71af1d62b820d5ddebc4bd8dda56"
pre;pachterlab_sleuth;e77930c21c3a9ee9adefd62100a1d4157b9516a4;Antônio Pedro Camargo <apcamargo@users.noreply.github.com>;2020-03;"Merge fb9993537c756206e9a130a91d9b09a8d3479424 into e5ac761e999a71af1d62b820d5ddebc4bd8dda56"
post;pachterlab_sleuth;20e493fb98cb1b65a508e6634db430d5d3848567;Delaney Sullivan <delaneyk.sullivan@gmail.com>;2022-11;"update version"
post;pachterlab_sleuth;9b08a971165f6af98a83df42707c7dc589ff9127;David Laehnemann <david.laehnemann@hhu.de>;2022-12;"Merge 7a51b41bdf443dcd68cc5805543986e686c2bea4 into 20e493fb98cb1b65a508e6634db430d5d3848567"
post;pachterlab_sleuth;12e3db3d20cf12da51249c41301ad45e61289ee3;pcp2117 <120233244+pcp2117@users.noreply.github.com>;2022-12;"Update measurement_error.R"
post;pachterlab_sleuth;710b9514d0fc247468a8f25571c20d136b652337;pcp2117 <120233244+pcp2117@users.noreply.github.com>;2022-12;"Merge 12e3db3d20cf12da51249c41301ad45e61289ee3 into 20e493fb98cb1b65a508e6634db430d5d3848567"
post;pachterlab_sleuth;f8a70b5a467a01382c56216d79923c75456d2bfa;Asan Emirsaleh <asantaraqtasli@gmail.com>;2023-06;"Fix external links in README.md Broken Google Groups url fixed"
post;pachterlab_sleuth;a8e003b34166a16b330a5a9b49fe294deafa8143;Asan Emirsaleh <asantaraqtasli@gmail.com>;2023-06;"Merge f8a70b5a467a01382c56216d79923c75456d2bfa into 20e493fb98cb1b65a508e6634db430d5d3848567"
post;pachterlab_sleuth;8067fcbd7178dd288a46f77b105b64853ff33d61;Rahul Karnik <65550171+rkarnik-kymeratx@users.noreply.github.com>;2023-07;"Merge pull request #1 from pachterlab/master update to latest upstream"
post;pachterlab_sleuth;eaf46082ad034e798e93b10f9b4b252088582a04;Antônio Camargo <apcamargo@users.noreply.github.com>;2023-10;"Merge fb9993537c756206e9a130a91d9b09a8d3479424 into 20e493fb98cb1b65a508e6634db430d5d3848567"
post;pachterlab_sleuth;299466dfeacd376a159ffaa56db2cf4d28be4cea;pcp2117 <120233244+pcp2117@users.noreply.github.com>;2023-11;"Merge 12e3db3d20cf12da51249c41301ad45e61289ee3 into 20e493fb98cb1b65a508e6634db430d5d3848567"
post;pachterlab_sleuth;be01cdaec524b136a54848b35b5c80690345fbe8;Marcel Schilling <mschilling@idibell.cat>;2024-07;"Fix typo in documentation"
pre;geostat-framework_gstools;39ca4d67e505b68db48570cc3eb959f712427aa0;Sebastian Müller <mueller.seb@posteo.de>;2022-11;"Merge pull request #243 from GeoStat-Framework/20220620_add_expint Add: (Exponential-)Integral model"
pre;geostat-framework_gstools;fccc24d00beddd71aff2a2b4492c90210146d715;Sebastian Müller <mueller.seb@posteo.de>;2022-11;"update changelog for v1.4.1"
pre;geostat-framework_gstools;ecdc5abbd698d9f0ae0e1f1413f24867e760cb0a;Sebastian Müller <mueller.seb@posteo.de>;2022-11;"Doc: rtd-theme 1.1 introduced some strange table behavior - sticking to 1.0.*"
pre;geostat-framework_gstools;510df78d0176052e1bf4f2d10ac91d1717d24681;Sebastian Müller <mueller.seb@posteo.de>;2022-11;"Merge pull request #279 from GeoStat-Framework/v1.4.1_release finalize v1.4.1"
pre;geostat-framework_gstools;6453abe1f5e8fba2e32f706072e07e2b59908e4e;Mike Taves <mwtoews@gmail.com>;2022-11;"Remove unnecessary coding, use a few f-strings"
pre;geostat-framework_gstools;b33797e82c2a00b7488f8e422af58cd5a23692a8;Mike Taves <mwtoews@gmail.com>;2022-11;"Manually update f-strings for estimator.pyx"
pre;geostat-framework_gstools;bce1ab615cafffc3db8dbe6004cabb5931a6b2fa;Sebastian Müller <mueller.seb@posteo.de>;2022-11;"Merge pull request #283 from mwtoews/pyupgrade Remove unnecessary coding, use a few f-strings"
pre;geostat-framework_gstools;7bd2e19ff7fbba9cf14d5cb6fa9091a3df6081f0;Sebastian Müller <mueller.seb@posteo.de>;2022-12;"doc: use mathjax to render equations"
pre;geostat-framework_gstools;1aaa874b92a7cca7d3f239190ded11cc5ae0a7d6;Sebastian Müller <mueller.seb@posteo.de>;2022-12;"doc: flatten folder hierarchy; use 'api' as name"
pre;geostat-framework_gstools;f60f2cb9e72593a774ea2c2118ecbdb39c566165;Sebastian Müller <mueller.seb@posteo.de>;2022-12;"Merge pull request #290 from GeoStat-Framework/doc_math_and_nesting_fixDoc math and nesting fix"
post;geostat-framework_gstools;7b868629846333a5a0289b0972d4a99d2b3d652f;Sebastian Müller <mueller.seb@posteo.de>;2023-06;"Covmodel: all kwargs after dim are now keyword only"
post;geostat-framework_gstools;f4a8a9d9f3186708708a1704a1684090eb3626bc;Sebastian Müller <mueller.seb@posteo.de>;2023-06;"Covmodel: all kwargs after dim are now keyword only"
post;geostat-framework_gstools;5bf5404d159715a4ff7c38c73160571aafeb9091;Sebastian Müller <mueller.seb@posteo.de>;2023-06;"tests: minimal black fixes"
post;geostat-framework_gstools;985f62b8a62f37f84f8455deddde670448487910;Sebastian Müller <mueller.seb@posteo.de>;2023-06;"tests: minimal black fixes"
post;geostat-framework_gstools;83bcf137931758ab6e5c934297ea0dc134a3cbb3;Sebastian Müller <mueller.seb@posteo.de>;2023-06;"covmodel: add time attribute"
post;geostat-framework_gstools;970847d01fd9be61e56e60314cd406ffdc946981;Sebastian Müller <mueller.seb@posteo.de>;2023-06;"covmodel: add time attribute"
post;geostat-framework_gstools;0855f591682e045138e804e37881063527837b17;Sebastian Müller <mueller.seb@posteo.de>;2023-06;"time: add time axis to plotter"
post;geostat-framework_gstools;2ef2f6e7897b3da24a382b54f87e5c7acd3c211d;Sebastian Müller <mueller.seb@posteo.de>;2023-06;"time: add time axis to plotter"
post;geostat-framework_gstools;befa9e49151e4129daddba41d23986d2f76220e9;Sebastian Müller <mueller.seb@posteo.de>;2023-06;"Examples: update examples with new time attribute"
post;geostat-framework_gstools;cab5baf89c09de1b73c9f50eb0c3a1510bb61af6;Sebastian Müller <mueller.seb@posteo.de>;2023-06;"Examples: update examples with new time attribute"
