project;#commits;#authors;Max Time;Min Time;#stars;#forks;LastGHCommitDate;LongestGapStart (YYYY-MM);LongestGapEnd (YYYY-MM);LongestGapLength;NumCommitsAfterLastGap;NumberOfGapsInTimeline;pattern;BeforeThemes;AfterThemes;HypothesizedGapReason;HasRecovered;WhyRecovered;WhoRecovered;Currentstatus;RecentThemes;Notes
pachterlab_sleuth;861;50;1756296602;1423853065;317;98;2025/05/28;2020-04;2022-10;20;21;5;declining;Bug fixes:Other;Bug fixes:Other;Right before the gap, a few branches are merged. This could be due to the project reaching completion, so branches are merged and ready for release.;Yes;After the gap, it is mentioned that a dependency, rhdf5, has stopped working, so the reactivity is because of the need to fix this issue.;New author;Active;Release:Bug fixes;This project started off with almost no inactivity for a few years, but then rapidly falls to almost no commits for the rest of the timeline. This is likely due to the project being finshed and released, evident by branch merges right  before the decline. Within the inactivity gaps, there are few commits, likely due to fixing compatability with outside resources that have updates or new version releases.
geostat-framework_gstools;2547;27;1762186501;1516014249;652;83;2026/07/03;2023-01;2023-05;5;517;2;irregular;Bug fixes:Release;Bug fixes:Feature development;The issues right before this gap include branch merges and mention he finalized version of v1.4.1. This gap is likely due to the finalized release of the current version.;Yes;There is a v1.5 milestone that was due on 2023-06. There is also a big spike in commits surrounding this date, likely due to the team working to meet the deadline for this new version.;Same authors;Active;Bug fixes:Release;There are minimal gaps with almost no activity, and the timeline has most consistent commit numbers throughout. However, there are many higher commit number spikes throughout, that align with milestones posted on Github. There seemed to be increased activity surrounding these deadlines, and lower activity between them.
juliaearth_geostats.jl;3243;34;1761655074;1428862506;590;66;2026/09/15;2016-03;2016-09;7;3213;1;declining;Documentation updates:Release;Documentation updates:Feature development;Before the gap, there were many updates to the README.md file. This likely means that the inactivity gap was due to a release of the project.;Yes;After the gaps, there appear to be feature updates as well as more updates to the read me. The recovery may be due to the addition of new features.;Same authors;Active;Release:Automated bot contributions;The inactivity gap may be due to a release, and then was recovered due to feature additions. In the start of the project, there is little activity, but then after a few years the commit numbers increase significantly. This may be due to an increased interest and support for this project after its initial creation.
jaredhuling_oem;538;8;1722098631;1459175843;27;6;2024/07/27;2019-03;2020-05;15;34;8;declining;Bug fixes:Documentation updates;Bug fixes:Documentation updates;Before the gap, there is very high activity that descreases rapidly pretty early on. It is likely that this author finished the project pretty quickly, leading to a large gap and low activity for the rest of the timeline.;Yes;There was a new author after the gap, so it is likely that this new author provided the assistance and support the previous author needed to finalize the project.;New author;Inactive;Release:Documentation updates;There is large activity in the first year, but then commit numbers significantly decline.During the increased activity, the commits appear to come from one author. The commits indicating the finalization and release of the project arent apparent until another author contributes commits to the project, which could mean that the original author was waiting on the second for support to finalize and release the project.
avehtari_ros-examples;633;10;1747851737;1517860361;357;255;2025/05/18;2023-02;2023-09;8;16;4;declining;Release:Documentation updates;Bug fixes:Feature Development;Most of the commits in this repository are fixing typos and adding example data. I believe the gap was due to most of the typos previously being corrected, and the authors didnt feel the need to add any more example data.;Yes;From the commit messages, it appears that the authors started to add more example data into the repository. This is likely why activity started up again, although the activity is much lower than it was previously.;Same authors;Active;Release:Documentation updates;Most of the commits were fixing documentation, adding example datasets, or fixing typos/formatting that authors created issues for. There is a lot of activity in the beginning of the timeline, but toward the end it becomes very inactive, which may be due to most of the typos being fixed and the authors being content with the number of example datasets currently in the repository.
scikit-hep_uproot4;5359;125;1762373168;1588969810;270;102;2026/09/22;2022-01;2022-03;3;3744;1;cyclical;Bug fixes:Automated bot contributions;Dependency updates:Automated bot contributions;Before this gap, there are updates to the style and formatting. Based off the timeline, I determined that the pattern was cyclical, so this gap likely occurred after the end-of-year booking was concluded for this term.;Yes;After the gap, some commit messages talk about updating the interface, adding more features, and specifcially stating that the next version will be titled 4.0.7. The recovery is likely due to the start of the next term where a new version will be released.;Same authors;Active;Feature development:Dependency updates;This commit timeline follows a cyclical pattern, where deadlines are set at the end of each year, causing activity to spike in the later months and slow down in the earlier ones. There are no periods of complete inactivity. GitHub reveals that the main driver for deadlines is adding new features to release a new version of the project every year.
juliaphysics_measurements.jl;976;51;1776693163;1463425598;536;43;2026/09/22;2024-06;2024-10;5;128;4;cyclical;Automated bot contributions:Release;Automated bot contributions:Release;Before the gap, the commits are mainly merging branches and automated bot contributions. This likely means the human contributions were finished and the project was ready for release.;Yes;The first commit after the 5 month gap was created by a bot, and indicated that a version update was needed for one the dependecny applications. This prompted a human author to go back in and make updates and benchmark tests for the project.;Automated bot;Active;Automated bot contributions:Release;While activity is high in the beginning of the timeline, there appear to be more gaps towards the end. Based off the bot commits and branch merges before these gaps, it is likely that the current version of the project was finalized. After the gaps, activity is usually recovered due to a need to fix dependency attributes and to run benchmarks and tests after they are updated.
asfhyp3_hyp3;9010;37;1762212837;1588181628;53;13;2026/09/23;2020-11;2021-01;3;7620;1;U-shaped;Release:Bug fixes;Release:Bug fixes;The project released version 0.8.1, which is evident from the branch merging and the commit messages that state that the version is being released.;Yes;The database needed to be expanded, likely due to increased demand or usage and required updates. This is evident from the commit messages stating that the fleet size, vCPUs, max jobs, etc. were all increased.;Same authors;Active;Release:Dependency updates;There were no gaps with complete inactivity, and there was only one gap that was defined as having less than 50 commits. This lower activity aligns with a trend throughout the timeline, with larger version updates having high activity spikes, and the constant, but lower, activity attributed to smaller updates or patches.
daehwankimlab_hisat2;1954;65;1760456696;1427739621;542;131;2026/07/31;2023-12;2024-06;7;33;4;declining;Dependency updates:Release;Dependency updates:Release;This gap of inactivity follows a version release, evident from a commit message stating its deployment. There are also other indicators of a release, such as finalizing text files and adding support.;Yes;A dependency was needed to be updated, evident from a commit message stating that Python 3.12 no longer supports the imp module, and a workaround was needed.;Same authors;Active;Release:Documentation updates;There are high levels of activity at the start of the project, but levels begin to decline over time. Based on commit messages before this decline, it is likely that the project was finalized and released. The small spikes in activity relate to commit messages describing updates to dependencies, as well as merging with other branches (other authors may have forked to work on small bugs before merging to master branch).
hjkgrp_molsimplify;4039;121;1762203515;1458222188;227;60;2026/08/18;2020-10;2021-03;6;2505;3;rising;Bug fixes:Feature development;Bug fixes:Release;Before the gap, the commit messages show that typos and small bugs were fixed. There are also many branch merges. This likely indicates that the porject was preparing for a release of new features added.;Yes;After the gap, the commit messages evidently show that new features were added to the project. This likely is why activity picked up again.;Same authors;Active;Feature development:Bug fixes;The overall trend of this timeline starts off with lower activity, with no gaps on complete inacitivty, and increases over time. The gaps likely occur due to a slower period following a sprint, since these gaps follow large spikes and commit messages contain mostly merges and typo/bug fixes. Activity increases again when new features are added.
